{"inputUnits":[34],"outputUnits":9,"inputs":{"0":{"dtype":"number","min":322.35599224098013,"max":416.9758419079622},"1":{"dtype":"number","min":117.07485911906576,"max":157.8719362645586},"2":{"dtype":"number","min":344.5425294296086,"max":440.4086695312292},"3":{"dtype":"number","min":93.99537684624653,"max":135.1613208796778},"4":{"dtype":"number","min":295.8644382670144,"max":389.98136334484315},"5":{"dtype":"number","min":94.10644251468352,"max":136.97043357536805},"6":{"dtype":"number","min":372.4473075095208,"max":461.91515481030495},"7":{"dtype":"number","min":89.59340156867489,"max":154.47281731499564},"8":{"dtype":"number","min":266.9750709979855,"max":352.9760162268001},"9":{"dtype":"number","min":87.79074890106975,"max":151.6958712601987},"10":{"dtype":"number","min":425.02068320677756,"max":512.5936587186817},"11":{"dtype":"number","min":226.2224288479394,"max":260.48281318263},"12":{"dtype":"number","min":224.59618324889541,"max":294.26893267715184},"13":{"dtype":"number","min":233.06570183231582,"max":270.58008526384714},"14":{"dtype":"number","min":522.5984867553265,"max":658.0157813505355},"15":{"dtype":"number","min":227.88985328599955,"max":420.6331095035546},"16":{"dtype":"number","min":92.16212259630943,"max":216.6323008360686},"17":{"dtype":"number","min":189.06610016701978,"max":449.03318942406486},"18":{"dtype":"number","min":391.78847039652146,"max":581.2222187979179},"19":{"dtype":"number","min":121.83860459058138,"max":491.71907750719004},"20":{"dtype":"number","min":154.71205211754662,"max":377.2416244938127},"21":{"dtype":"number","min":82.39715996309099,"max":457.616433576766},"22":{"dtype":"number","min":415.1235855200834,"max":520.7224691588046},"23":{"dtype":"number","min":463.9754741512544,"max":569.0284703907213},"24":{"dtype":"number","min":250.93663756610357,"max":333.51674628304227},"25":{"dtype":"number","min":432.76426861857806,"max":539.6794127674362},"26":{"dtype":"number","min":453.0609076483208,"max":606.1513614468639},"27":{"dtype":"number","min":455.99992224115147,"max":575.9744868408634},"28":{"dtype":"number","min":146.77321748194404,"max":326.29704043182016},"29":{"dtype":"number","min":467.8090448732729,"max":590.2548922897547},"30":{"dtype":"number","min":454.0450955459713,"max":606.257221387376},"31":{"dtype":"number","min":521.8094896387171,"max":598.1973679500248},"32":{"dtype":"number","min":128.9701920968515,"max":328.2833904086033},"33":{"dtype":"number","min":531.3593004879198,"max":598.8631902382388}},"outputs":{"0":{"dtype":"string","min":0,"max":1,"uniqueValues":["Hi","Good Bye","Thanks","Sorry","Nice To Meet You","Brother","Owl","Drink","Cup"],"legend":{"Hi":[1,0,0,0,0,0,0,0,0],"Good Bye":[0,1,0,0,0,0,0,0,0],"Thanks":[0,0,1,0,0,0,0,0,0],"Sorry":[0,0,0,1,0,0,0,0,0],"Nice To Meet You":[0,0,0,0,1,0,0,0,0],"Brother":[0,0,0,0,0,1,0,0,0],"Owl":[0,0,0,0,0,0,1,0,0],"Drink":[0,0,0,0,0,0,0,1,0],"Cup":[0,0,0,0,0,0,0,0,1]}}},"isNormalized":true}